"CommitHash","ShortHash","Author","Email","Date","Subject"
"171bb4189cc534a0acdd498777e8458649a916cf","171bb41","papassito","info@solusol.net","2026-09-16T18:54:08-07:00","6"
"37d43bf6e61c02afd645485da695fd6feba2aa97","37d43bf","papassito","info@solusol.net","2026-09-16T18:15:08-07:00","3"
"aa4a6e7b1fcc407710eceef9fa6c367832295f40","aa4a6e7","papassito","info@solusol.net","2026-09-16T12:58:18-07:00","05"
"070c2cdcd707217cc217267678b4c2a9d84528cf","070c2cd","papassito","info@solusol.net","2026-09-16T12:39:24-07:00","4"
"2e55cf214a7be92922f1d877f5dc16b734c539b4","2e55cf2","papassito","info@solusol.net","2026-09-16T12:13:37-07:00","4"
"cf4c7ca8205972b1569a62e93130af0144d1c0ce","cf4c7ca","papassito","info@solusol.net","2026-09-16T11:45:30-07:00","3"
"17ad6e131dd991883d6440728b43c045ec1c276f","17ad6e1","papassito","info@solusol.net","2026-09-16T11:33:31-07:00","2"
"7b47dca06211f1d4c57c09def4e525fabe4a80ca","7b47dca","papassito","info@solusol.net","2026-09-16T11:14:15-07:00","updates1"
"555a236b4b9a7c10b99ec5011fe6019612b16bd1","555a236","papassito","info@solusol.net","2026-09-16T10:55:07-07:00","0"
"3766b605e8a107c2cf64a60fba988d8dd454225a","3766b60","papassito","info@solusol.net","2026-09-16T10:43:12-07:00","1"
"c6eee88040bac79e83823b723278ae20f85ddaa9","c6eee88","papassito","info@solusol.net","2026-09-16T09:43:25-07:00","0"
"d34beb7f26ce8746176c7cc30d76ec1e2d5d5332","d34beb7","papassito","info@solusol.net","2026-09-16T09:17:18-07:00","Initial commit"
